medname,text,code,name
,,,
A00,"霍乱
",A00-A09,肠道传染病
,,,
A90,"登革热[传统型登革热]
排除：登革出血热（A91）
",A90-A99,由节枝动物传播的病毒热和病毒性出血热
A91,"登革出血热
",A90-A99,由节枝动物传播的病毒热和病毒性出血热
A92,"其它由蚊子传播的病毒热
排除：罗斯河热（B33.1）
",A90-A99,由节枝动物传播的病毒热和病毒性出血热
,,,
,,,
A50,"先天性梅毒
",A50-A64,主要为性传播模式的感染
,,,
A20,"鼠疫
包括：耶尔森氏菌鼠疫感染
",A20-A28,某些动物传染的细菌性疾病
A20.0,"黑死病（腺鼠疫）
",A20-A28,某些动物传染的细菌性疾病
A20.1,"蜂窝织皮肤型鼠疫
",A20-A28,某些动物传染的细菌性疾病
A20.2,"肺炎型鼠疫
",A20-A28,某些动物传染的细菌性疾病
A20.3,"鼠疫型脑膜炎
",A20-A28,某些动物传染的细菌性疾病
A20.7,"败血症性鼠疫
",A20-A28,某些动物传染的细菌性疾病
,,,
A15,"在细菌学和组织学上得到证实的呼吸道结核
",A15-A19,肺结核
,,,
B00,"疱疹病毒[单纯疱疹]感染
排除：肛门生殖器疱疹病毒感染（A60.-）先天性疱疹病毒感染（P35.2）疱疹病毒性单核细胞增多症（B27.0）疱疹性咽峡炎（B08.5）
",B00-B09,以皮肤和黏膜损害为特征的病毒性感染
,,,
D60,"获得性纯红细胞再生障碍[成红细胞减少症]
包括：红血球再生障碍（后天获得）（成人）（伴有胸腺瘤）
",D60-D64,再生障碍性贫血和其他的贫血
D60.0,"慢性获得性纯红细胞再生障碍
",D60-D64,再生障碍性贫血和其他的贫血
D60.1,"短暂性获性纯红细胞再生障碍
",D60-D64,再生障碍性贫血和其他的贫血
D60.8,"其它获得性纯红细胞再生障碍
",D60-D64,再生障碍性贫血和其他的贫血
D60.9,"未明确的获得性纯红细胞再生障碍
",D60-D64,再生障碍性贫血和其他的贫血
D61,"其它再生障碍性贫血
排除：粒性白血球缺乏症（D70）
",D60-D64,再生障碍性贫血和其他的贫血
,,,
,,,
A30,"麻风病
包括：麻风分支杆菌感染
排除：麻风病后遗症（B92）
",A30-A49,其他细菌性疾病
,,,
,,,
Q80,"先天性鱼鳞癣
排除：雷弗素姆氏（Refsum's）病 [多神经炎型遗传性运动失调] （G60.1）
",Q80-Q89,其它先天性畸形
Q80.0,"寻常性鱼磷癣
",Q80-Q89,其它先天性畸形
Q80.1,"X连锁鱼磷病
",Q80-Q89,其它先天性畸形
,,,
D55,"由于酶异常所致的贫血
排除：药物导致的酶缺乏性贫血（D59.2）
",D55-D59,溶血性贫血
,,,
Z55,"与教育和文化相关的问题
排除：心理发育的障碍（F80-F89）
",Z55-Z65,存在与社会经济和社会心理状况有关的潜在健康危险的人群
Z55.0,"文盲和文化水平低
",Z55-Z65,存在与社会经济和社会心理状况有关的潜在健康危险的人群
Z55.1,"得不到和难以完成学校教育
",Z55-Z65,存在与社会经济和社会心理状况有关的潜在健康危险的人群
Z55.2,"考试不及格
",Z55-Z65,存在与社会经济和社会心理状况有关的潜在健康危险的人群
Z55.3,"学校的差生
",Z55-Z65,存在与社会经济和社会心理状况有关的潜在健康危险的人群
Z55.4,"教育的不适应以及老师和同学的不和
",Z55-Z65,存在与社会经济和社会心理状况有关的潜在健康危险的人群
,,,
,,,
Z40,"预防性手术
",Z40-Z54,因特殊操作和护理接受健康服务的人群
Z30,"避孕管理
",Z30-Z39,因生育接受健康服务的人群
,,,
,,,
Z00,"没有主诉和诊断报告人员（群）的常规检查和调查（普查）
排除：为行政管理目的的检查（Z02.-）特殊筛查（Z11-Z13）
",Z00-Z13,因体检和检查接受健康服务的人群
A75,"斑疹伤寒
排除：由于腺热埃立希体（Ehrlichia sennetsu ）感染的立克次氏体病（A79.8）
",A75-A79,斑点热立克次体病
,,,
,,,
Y90,"通过血液酒精水平所确定的涉及酒精的证据
",Y90-Y98,与分类在它处的发病和死亡外因有关的补充因素
Y90.0,"血液酒精指标在20毫克/100毫升以下
",Y90-Y98,与分类在它处的发病和死亡外因有关的补充因素
Y90.1,"血液酒精指标在20-39毫克/100毫升
",Y90-Y98,与分类在它处的发病和死亡外因有关的补充因素
Y90.2,"血液酒精指标在40-59毫克/100毫升
",Y90-Y98,与分类在它处的发病和死亡外因有关的补充因素
Y90.3,"血液酒精指标在60-79毫克/100毫升
",Y90-Y98,与分类在它处的发病和死亡外因有关的补充因素
Y90.4,"血液酒精指标在80-99毫克/100毫升
",Y90-Y98,与分类在它处的发病和死亡外因有关的补充因素
Y90.5,"血液酒精指标在100-119毫克/100毫升
",Y90-Y98,与分类在它处的发病和死亡外因有关的补充因素
Y90.6,"血液酒精指标在120-199毫克/100毫升
",Y90-Y98,与分类在它处的发病和死亡外因有关的补充因素
Y90.7,"血液酒精指标在200-239毫克/100毫升
",Y90-Y98,与分类在它处的发病和死亡外因有关的补充因素
Y90.8,"血液酒精指标在240毫克/100毫升或更多
",Y90-Y98,与分类在它处的发病和死亡外因有关的补充因素
Y90.9,"血液中存在酒精，含量未确定
",Y90-Y98,与分类在它处的发病和死亡外因有关的补充因素
Y91,"用醉酒程度来确定的涉及酒精的证据
",Y90-Y98,与分类在它处的发病和死亡外因有关的补充因素
Z80,"恶性肿瘤的家族史
",Z80-Z99,存在与家庭和个人经历以及某些影响健康状况条件有关的潜在健康危险的人群
,,,
,,,
Z70,"与性态度、性行为和性取向相关的咨询
排除：避孕或生殖咨询（Z30-Z31）
",Z70-Z76,其它环境条件下接受健康服务的人群
Y35,"法律干涉（介入）
包括：由警察和其它执法机构造成的受伤,包括军方的执行公务造成的受伤,在逮捕或尝试逮捕违法者,镇压骚乱,维持秩序,和其它的法律行动期间的受伤。
",Y35-Y36,法律干涉和战争行动
,,,
,,,
,,,
,,,
Z20,"接触和暴露于传染性疾病
",Z20-Z29,存在与传染病相关的潜在健康危险的人群
Z20.0,"接触和暴露于肠道传染病
",Z20-Z29,存在与传染病相关的潜在健康危险的人群
Z20.1,"接触和暴露于结核病
",Z20-Z29,存在与传染病相关的潜在健康危险的人群
Z20.2,"接触和暴露于主要以性传播模式传播的传染病
",Z20-Z29,存在与传染病相关的潜在健康危险的人群
Z20.3,"接触和暴露于狂犬病
",Z20-Z29,存在与传染病相关的潜在健康危险的人群
Z20.4,"接触和暴露于风疹
",Z20-Z29,存在与传染病相关的潜在健康危险的人群
Z20.5,"接触和暴露于病毒性肝炎
",Z20-Z29,存在与传染病相关的潜在健康危险的人群
A80,"急性小儿麻痹症
",A80-A89,中枢神经系统病毒感染
A80.0,"急性瘫痪性脊髓灰质炎，与疫苗相关的
",A80-A89,中枢神经系统病毒感染
A80.1,"急性瘫痪性脊髓灰质炎，由野生病毒输入造成的
",A80-A89,中枢神经系统病毒感染
A80.2,"急性瘫痪性脊髓灰质炎，由本土的野生病毒造成的
",A80-A89,中枢神经系统病毒感染
A80.3,"急性瘫痪性脊髓灰质炎，其它和未明确的
",A80-A89,中枢神经系统病毒感染
A80.4,"急性非瘫痪性脊髓灰质炎
",A80-A89,中枢神经系统病毒感染
A80.9,"未明确的急性脊髓灰质炎
",A80-A89,中枢神经系统病毒感染
A81,"非典型中枢神经系统病毒感染
包括：中枢神经系统朊病毒病
",A80-A89,中枢神经系统病毒感染
Y85,"交通事故的后遗症
",Y85-Y89,发病和死亡外因造成的后遗症
Y85.0,"机动车事故后遗症
",Y85-Y89,发病和死亡外因造成的后遗症
Y85.9,"其它和未特指的交通事故的后遗症
",Y85-Y89,发病和死亡外因造成的后遗症
Y86,"其它事故的后遗症
",Y85-Y89,发病和死亡外因造成的后遗症
Y87,"故意的自我伤害、攻击（加害）和未确定意图事件的后遗症
",Y85-Y89,发病和死亡外因造成的后遗症
Y87.0,"故意的自我伤害的后遗症
",Y85-Y89,发病和死亡外因造成的后遗症
Y87.1,"攻击（加害）的后遗症
",Y85-Y89,发病和死亡外因造成的后遗症
Y87.2,"无确定意图事件的后遗症
",Y85-Y89,发病和死亡外因造成的后遗症
Y88,"手术和医疗护理作为外因的后遗症
",Y85-Y89,发病和死亡外因造成的后遗症
Y88.0,"因治疗性使用药物、药剂和生物物质引起的不良反应的后遗症
",Y85-Y89,发病和死亡外因造成的后遗症
Y88.1,"在手术和医疗操作期间发生的病人意外事故的后遗症
",Y85-Y89,发病和死亡外因造成的后遗症
Y88.2,"与诊断和治疗中使用医疗器械有关的不良事件的后遗症
",Y85-Y89,发病和死亡外因造成的后遗症
Y88.3,"在处置时并未提及，却是引起病人异常反应和日后并发症原因的手术和医疗操作的后遗症
",Y85-Y89,发病和死亡外因造成的后遗症
Y89,"其它外因的后遗症
",Y85-Y89,发病和死亡外因造成的后遗症
Y10,"由于使用或暴露于非阿片类止痛剂、退热剂和抗风湿类药引起的中毒，意图未确定
包括：4-氨基苯酚衍生物非类固醇类抗炎药物 [NSAID] 吡唑啉酮衍生物水杨酸盐
",Y10-Y34,意图不确定的事件
Y11,"由于使用或暴露于抗癫痫药、镇静催眠药、抗帕金森病药和精神药物引起的中毒，意图未确定 NEC
包括：抗抑郁药巴比妥酸盐乙内酰脲衍生物亚胺二苯乙烯类安眠酮化合物神经安定药精神兴奋药琥珀酰亚胺和唑啉二酮类镇定剂
",Y10-Y34,意图不确定的事件
Y12,"由于使用或暴露于麻醉剂和致幻药[迷幻剂]引起的中毒，意图未确定 NEC
包括：大麻（衍生物）可卡因可待因海洛因麦角二乙胺 [LSD迷幻剂] 酶斯卡灵 [致幻剂] 美沙酮吗啡鸦片（生物碱）
",Y10-Y34,意图不确定的事件
Y13,"由于使用或暴露于作用于自主神经系统的其它药物所致的中毒，意图未确定
包括：副交感神经阻滞药 [抗胆碱能药和抗蕈毒碱药] 和解痉药拟副交感神经药 [胆碱能药] 交感神经阻滞药 [抗肾上腺素药] 拟交感神经药 [肾上腺素能药]
",Y10-Y34,意图不确定的事件
Y14,"由于使用或暴露于其它和未特指的药物、药剂和生物物质引起的中毒，、意图未确定
包括：主要作用于平滑肌、骨骼肌和呼吸系统的药剂麻醉药（全面的）（局部的）药物影响：.心血管系统.胃肠系统激素和合成替代物全身性和血液性药剂全身性抗生素和其它抗感染药治疗性气体局部用制剂疫苗水平衡药剂和影响矿物质和尿酸代谢类药
",Y10-Y34,意图不确定的事件
Y15,"由于使用或暴露于酒精所致的中毒,意图未确定
包括：酒精：.NOS.丁基 [1-丁醇] .乙基 [乙醇] .异丙基 [异丙醇] .甲基 [甲醇] .丙基 [1-丙醇] 杂醇油
",Y10-Y34,意图不确定的事件
Y16,"由于使用或暴露于有机溶剂、卤代烃及其蒸汽引起的中毒,意图未确定
包括：苯和其同系物四氯化碳氯氟烃石油（衍生物）
",Y10-Y34,意图不确定的事件
Y17,"由于使用或暴露于其它的气体和蒸汽引起的中毒，意图未确定
包括：一氧化碳催泪气体 [催泪瓦斯] 发动机（车辆）废气氮氧化物二氧化硫家用煤气
排除：金属烟和蒸汽（Y19）
",Y10-Y34,意图不确定的事件
Y18,"由于使用或暴露于杀虫剂引起的中毒，意图未确定
包括：薰剂杀真菌剂除草剂杀虫剂灭鼠剂木材防腐剂
排除：植物养料和肥料（Y19）
",Y10-Y34,意图不确定的事件
Y89.0,"法律干涉的后遗症
",Y85-Y89,发病和死亡外因造成的后遗症
Y89.1,"战争行为的后遗症
",Y85-Y89,发病和死亡外因造成的后遗症
Y19,"由于使用或暴露于其它和未特指的化学物和有害物质引起的中毒，意图未确定
包括：腐蚀性芳香族,酸和苛性碱胶和粘合剂金属包括烟和蒸汽油漆和染料植物养料和肥料有毒食品和有毒植物肥皂和清洁剂
",Y10-Y34,意图不确定的事件
Y20,"吊、勒和窒息，意图未确定
",Y10-Y34,意图不确定的事件
Y21,"淹溺和淹没，意图未确定
",Y10-Y34,意图不确定的事件
Y22,"手枪发射，意图未确定
",Y10-Y34,意图不确定的事件
Y23,"来复步枪、猎枪和更大型的枪炮发射，意图未确定
",Y10-Y34,意图不确定的事件
Y24,"其它和未特指的枪炮发射，意图未确定
",Y10-Y34,意图不确定的事件
Y25,"与爆炸性材料接触，意图未确定
",Y10-Y34,意图不确定的事件
Y26,"暴露于烟、火和火焰，意图未确定
",Y10-Y34,意图不确定的事件
Y27,"与蒸汽、热的水蒸气和热的物体的接触，意图未确定
",Y10-Y34,意图不确定的事件
Y28,"与锋利的物体接触，意图未确定
",Y10-Y34,意图不确定的事件
Y29,"与钝的物体的接触，意图未确定
",Y10-Y34,意图不确定的事件
Y30,"从高处跌落、跳下或推下，意图未确定
",Y10-Y34,意图不确定的事件
Y31,"跌落、躺在或跑到移动的物体之前或跑进移动的物体，意图未确定
",Y10-Y34,意图不确定的事件
Y32,"与机动车相撞，意图未确定
",Y10-Y34,意图不确定的事件
Y33,"其它特指的事件，意图未确定
",Y10-Y34,意图不确定的事件
,,,
Y40,"全身性抗生素
排除：抗生素,局部使用（Y56.-）抗肿瘤类抗生素（Y43.3）
",Y40-Y84,医疗和手术护理的并发症
Y40.0,"青霉素
",Y40-Y84,医疗和手术护理的并发症
Y40.1,"头孢菌素类和其它的β-内酰胺类抗生素
",Y40-Y84,医疗和手术护理的并发症
Y40.2,"氯霉素类
",Y40-Y84,医疗和手术护理的并发症
Y40.3,"大环内酯类
",Y40-Y84,医疗和手术护理的并发症
Y40.4,"四环素类
",Y40-Y84,医疗和手术护理的并发症
,,,
,,,
,,,
B20,"由人类免疫缺陷病毒（HIV）性疾病所致的传染病和寄生虫病
排除：急性HIV感染综合症（B23.0）
",B20-B24,人类免疫缺陷病毒（HIV）性疾病
X85,"遭到药物、药剂和生物物质攻击（加害）
包括：能致死性中毒通过（任何）：.生物物质.药物.药剂
",X85-Y09,攻击(加害）
X86,"遭到腐蚀性物质攻击（加害）
排除：腐蚀性气体（X88）
",X85-Y09,攻击(加害）
X87,"遭到杀虫剂攻击（加害）
包括：木材防腐剂
排除：植物养料和肥料（X89）
",X85-Y09,攻击(加害）
X88,"遭到气体和蒸汽攻击（加害）
",X85-Y09,攻击(加害）
X89,"遭到其它特指的化学物和有害物质攻击（加害）
包括：植物养料和肥料
",X85-Y09,攻击(加害）
X90,"遭到未特指的化学品和有害物质攻击（加害）
包括：谋杀性投毒 NOS
",X85-Y09,攻击(加害）
X91,"遭到吊、勒和窒息攻击（加害）
",X85-Y09,攻击(加害）
X92,"遭到淹溺和淹没攻击（加害）
",X85-Y09,攻击(加害）
X93,"遭到手枪枪击
",X85-Y09,攻击(加害）
X94,"遭到复步枪、猎枪和更大枪炮的攻击
",X85-Y09,攻击(加害）
X95,"遭到其它和未特指枪炮的攻击
",X85-Y09,攻击(加害）
X96,"遭到爆炸物袭击
排除：放火装置（X97）
",X85-Y09,攻击(加害）
T80,"伴随着输液、输血和治疗性注射的并发症
包括：灌注
排除：骨髓移植排斥（T86.0）
",T80-T88,手术和医疗护理并发症 NEC
T80.0,"伴随输液、输血和治疗性注射的空气栓塞
",T80-T88,手术和医疗护理并发症 NEC
,,,
X97,"遭到烟、火和火焰攻击
包括：纵火香烟放火装置
",X85-Y09,攻击(加害）
X98,"遭到蒸汽、热水蒸气和热物体攻击
",X85-Y09,攻击(加害）
X99,"遭到锋利物体攻击
包括：刺伤 NOS
",X85-Y09,攻击(加害）
Y00,"遭到钝器攻击
",X85-Y09,攻击(加害）
Y01,"从高处被推落（加害）
",X85-Y09,攻击(加害）
Y02,"被推到或放置于移动的物体前（加害）
",X85-Y09,攻击(加害）
Y03,"遭到机动车撞击（加害）
包括：故意用机动车碰撞或压过
",X85-Y09,攻击(加害）
Y04,"用体力进行攻击
包括：徙手的争头或打架
排除：攻击通过：.勒（X91）.淹没（X92）.使用武器（X93-X95，X99，Y00）通过体力进行的性侵犯（Y05）
",X85-Y09,攻击(加害）
Y05,"通过体力进行的性侵犯
包括：强奸（未遂）鸡奸（未遂）
",X85-Y09,攻击(加害）
Y06,"忽视和遗弃
",X85-Y09,攻击(加害）
Y06.0,"被配偶或伴侣
",X85-Y09,攻击(加害）
Y06.1,"被父母
",X85-Y09,攻击(加害）
,,,
Y06.2,"被熟人或朋友
",X85-Y09,攻击(加害）
Y06.8,"被其他特指的人
",X85-Y09,攻击(加害）
Y06.9,"被未特指的人
",X85-Y09,攻击(加害）
Y07,"其它的虐待综合症
包括：精神虐待身体虐待性虐待折磨
排除：忽视和遗弃（Y06.-）用体力进行的性侵犯（Y05）
",X85-Y09,攻击(加害）
Y07.0,"被配偶或伴侣
",X85-Y09,攻击(加害）
Y07.1,"被父母
",X85-Y09,攻击(加害）
V01,"行人与脚踏车相撞受伤
",V01-X59,事故
V02,"行人与二轮或三轮机动车相碰受伤
",V01-X59,事故
V03,"行人与小汽车、皮卡轻型货或蓬车相撞受伤
",V01-X59,事故
Y07.2,"被熟人或朋友
",X85-Y09,攻击(加害）
Y07.3,"被官方当局
",X85-Y09,攻击(加害）
Y07.8,"被其它特指人
",X85-Y09,攻击(加害）
Y07.9,"被未特指人
",X85-Y09,攻击(加害）
Y08,"遭到其它特指方法的攻击
",X85-Y09,攻击(加害）
,,,
V04,"行人与重型交通工具或公共汽车相撞受伤
",V01-X59,事故
V05,"行人与火车或轨道交通工具相撞受伤
",V01-X59,事故
V06,"行人与其它非机动车相撞受伤
",V01-X59,事故
V09,"其它和未特指的交通事故中的行人受伤
",V01-X59,事故
V09.0,"涉及其它和未特指的机动车的非交通事故中的行人受伤
",V01-X59,事故
V09.1,"在非特指的非交通事故中的行人受伤
",V01-X59,事故
V09.2,"涉及到其它和未特指的交通车辆的交通事故中的行人受伤
",V01-X59,事故
V09.3,"在未特指的交通事故中的行人受伤
",V01-X59,事故
T51,"酒精毒性作用
",T51-T65,主要来源于非医源性物质的毒性作用
,,,
,,,
T36,"全身性抗生素中毒
排除：抗生素：.抗肿瘤的（T45.1）.局部性应用 NEC（T49.0）.局部使用在：   .耳、鼻和咽喉（T49.6）   .眼（T49.5）
",T36-T50,药物，药剂和生物物质引起的中毒
T36.0,"青霉素
",T36-T50,药物，药剂和生物物质引起的中毒
T36.1,"头孢菌素类和其它的β-内酰胺类抗生素
",T36-T50,药物，药剂和生物物质引起的中毒
T36.2,"氯霉素族
",T36-T50,药物，药剂和生物物质引起的中毒
T36.3,"大环内酯类
",T36-T50,药物，药剂和生物物质引起的中毒
T36.4,"四环素
",T36-T50,药物，药剂和生物物质引起的中毒
T79,"某些创伤的早期并发症 NEC
排除：手术和医疗护理并发症 NEC（T80-T88）呼吸窘迫综合症在:.成人（J80）.新生儿（P22.0）当发生在医疗处置期间或跟随其后时（T80-T88）
",T79,某些创伤造成的早期并发症
,,,
,,,
U80,"对青霉素和相关抗生素抵抗的细菌因子
",U80-U89,抵抗抗生素的细菌因子
U80.0,"对青霉素抵抗的细菌因子
",U80-U89,抵抗抗生素的细菌因子
T20,"头颈部烧伤和腐蚀伤
包括：耳 [任何部位] 眼部并伴有面部其它部分、头和颈部唇鼻（中隔）头皮 [任何部位] 颞（区）
排除：烧伤和腐蚀伤（在）：.限于眼及其附器（T26.-）.口咽部（T28.-）
",T20-T32,烧伤和腐蚀
T20.0,"头颈部程度未特指的烧伤
",T20-T32,烧伤和腐蚀
T20.1,"头颈部的I度烧伤
",T20-T32,烧伤和腐蚀
T20.2,"头颈部II度烧伤
",T20-T32,烧伤和腐蚀
T20.3,"头颈部III度烧伤
",T20-T32,烧伤和腐蚀
T20.4,"头颈部程度未特指的腐蚀伤
",T20-T32,烧伤和腐蚀
T20.5,"头颈部I度腐蚀伤
",T20-T32,烧伤和腐蚀
T20.6,"头颈部II度腐蚀伤
",T20-T32,烧伤和腐蚀
T20.7,"头颈部III度腐蚀伤
",T20-T32,烧伤和腐蚀
T21,"躯干烧伤和腐蚀伤
包括：腹壁肛门背 [任何部位] 乳房臀部胸壁腰窝腹股沟肩胛间部位阴唇（大）（小）阴茎会阴阴囊睾丸外阴
排除：烧伤和腐蚀伤在：腋窝（T22.-）肩胛区（T22.-）
",T20-T32,烧伤和腐蚀
T21.0,"躯干部程度未特指的烧伤
",T20-T32,烧伤和腐蚀
T21.1,"躯干部I度烧伤
",T20-T32,烧伤和腐蚀
T21.2,"躯干部II度烧伤
",T20-T32,烧伤和腐蚀
T21.3,"躯干部III度烧伤
",T20-T32,烧伤和腐蚀
T21.4,"躯干部程度未特指的腐蚀伤
",T20-T32,烧伤和腐蚀
T21.5,"躯干部I度腐蚀伤
",T20-T32,烧伤和腐蚀
U80.1,"对甲氧西林抵抗的细菌因子
",U80-U89,抵抗抗生素的细菌因子
U80.8,"对其它的青霉素相关型抗生素抵抗的细菌因子
",U80-U89,抵抗抗生素的细菌因子
U81,"对万古霉素和相关抗生素抵抗的细菌因子
",U80-U89,抵抗抗生素的细菌因子
U81.0,"对万古霉素抵抗的细菌因子
",U80-U89,抵抗抗生素的细菌因子
U81.8,"对其它的万古霉素相关型抗生素抵抗的细菌因子
",U80-U89,抵抗抗生素的细菌因子
U88,"对多种抗生素抵抗的细菌因子
注意：这个类别是用于，当细菌因子对二种或更多种抗生素有抵抗，但又没有一个充足的详情去确定哪种抗生素被抵抗得“更多”时才使用。当它更为方便用于记录一个单一编码时，也应用于原始表列用途；否则，每个明确的对抗生素抵抗的细菌因子都应被单独编码。
",U80-U89,抵抗抗生素的细菌因子
U89,"对其它和未特指抗生素抵抗的细菌因子
",U80-U89,抵抗抗生素的细菌因子
U89.8,"对其它特指的单一抗生素抵抗的细菌因子
",U80-U89,抵抗抗生素的细菌因子
T21.6,"躯干部II度腐蚀伤
",T20-T32,烧伤和腐蚀
T21.7,"躯干部III度腐蚀伤
",T20-T32,烧伤和腐蚀
T22,"上肢和肩的烧伤和腐蚀伤，腕和手除外
包括：手臂 [任何部位，除单独的手和腕外] 腋窝肩胛区
排除：烧伤和腐蚀伤在：.肩胛间区（T21.-）.单独的腕和手（T23.-）
",T20-T32,烧伤和腐蚀
T22.0,"肩和上肢程度未特指的烧伤，腕和手除外
",T20-T32,烧伤和腐蚀
T22.1,"肩和上肢I度烧伤，腕和手除外
",T20-T32,烧伤和腐蚀
T22.2,"肩和上肢II度烧伤，腕和手除外
",T20-T32,烧伤和腐蚀
T22.3,"肩和上肢III度烧伤，腕和手除外
",T20-T32,烧伤和腐蚀
T22.4,"肩和上肢程度未特指的腐蚀伤，腕和手除外
",T20-T32,烧伤和腐蚀
T22.5,"肩和上肢I度腐蚀伤，腕和手除外
",T20-T32,烧伤和腐蚀
T22.6,"肩和上肢II度腐蚀伤，腕和手除外
",T20-T32,烧伤和腐蚀
T22.7,"肩和上肢III度腐蚀伤，腕和手除外
",T20-T32,烧伤和腐蚀
T23,"手和腕部烧伤和腐蚀伤
包括：手指（指甲）手掌姆指（指甲）
",T20-T32,烧伤和腐蚀
T23.0,"腕和手程度未特指的烧伤
",T20-T32,烧伤和腐蚀
T23.1,"腕和手的I度烧伤
",T20-T32,烧伤和腐蚀
T23.2,"腕和手的II度烧伤
",T20-T32,烧伤和腐蚀
T23.3,"腕和手的III度烧伤
",T20-T32,烧伤和腐蚀
T23.4,"腕和手程度未特指的腐蚀伤
",T20-T32,烧伤和腐蚀
T23.5,"腕和手的I度腐蚀伤
",T20-T32,烧伤和腐蚀
T23.6,"腕和手的II度腐蚀伤
",T20-T32,烧伤和腐蚀
T23.7,"腕和手的III度腐蚀伤
",T20-T32,烧伤和腐蚀
T24,"髋和下肢的烧伤和腐蚀伤，踝和足除外
包括：腿 [任何部位，除单独的踝和足外]
排除：踝和足单独的烧伤和腐蚀伤（T25.-）
",T20-T32,烧伤和腐蚀
T24.0,"臀部和下肢程度未特指的烧伤，踝和足除外
",T20-T32,烧伤和腐蚀
T24.1,"臀部和下肢I度烧伤，踝和足除外
",T20-T32,烧伤和腐蚀
T24.2,"臀部和下肢II度烧伤，踝和足除外
",T20-T32,烧伤和腐蚀
T24.3,"臀部和下肢III度烧伤，踝和足除外
",T20-T32,烧伤和腐蚀
T24.4,"臀部和下肢程度未特指的腐蚀伤，踝和足除外
",T20-T32,烧伤和腐蚀
T24.5,"臀部和下肢I度腐蚀伤，踝和足除外
",T20-T32,烧伤和腐蚀
T24.6,"臀部和下肢II度腐蚀伤，踝和足除外
",T20-T32,烧伤和腐蚀
T24.7,"臀部和下肢III度腐蚀伤，踝和足除外
",T20-T32,烧伤和腐蚀
T25,"踝和足的烧伤和腐蚀伤
包括：脚趾
",T20-T32,烧伤和腐蚀
T25.0,"踝和足程度未特指的烧伤
",T20-T32,烧伤和腐蚀
T25.1,"踝和足的I度烧伤
",T20-T32,烧伤和腐蚀
T25.2,"踝和足的II度烧伤
",T20-T32,烧伤和腐蚀
T25.3,"踝和足的III度烧伤
",T20-T32,烧伤和腐蚀
T25.4,"踝和足程度未特指的腐蚀伤
",T20-T32,烧伤和腐蚀
T25.5,"踝和足的I度腐蚀伤
",T20-T32,烧伤和腐蚀
T25.6,"踝和足的II度腐蚀伤
",T20-T32,烧伤和腐蚀
,,,
T00,"身体多部位的浅表性损伤
",T00-T07,涉及多处身体部位的损伤
,,,
,,,
T33,"浅表冻伤
包括：伴有部分皮层损失的冻伤
排除：身体多部位的浅表冻伤（T35.0）
",T33-T35,冻伤
T33.0,"头部浅表冻伤
",T33-T35,冻伤
T33.1,"颈部浅表冻伤
",T33-T35,冻伤
T33.2,"胸部浅表冻伤
",T33-T35,冻伤
T33.3,"腹壁、下背和骨盆的浅表冻伤
",T33-T35,冻伤
B15,"急性甲性病毒性肝炎
",B15-B19,病毒性肝炎
B15.0,"甲型肝炎伴肝昏迷
",B15-B19,病毒性肝炎
,,,
S80,"小腿浅表损伤
排除：足和踝部的浅表损伤（S90.-）
",S80-S89,膝和小腿损伤
S80.0,"膝部挫伤
",S80-S89,膝和小腿损伤
S80.1,"小腿其它和未特指部位的挫伤
",S80-S89,膝和小腿损伤
S80.7,"小腿多处浅表损伤
",S80-S89,膝和小腿损伤
S80.8,"其它小腿的浅表损伤
",S80-S89,膝和小腿损伤
S80.9,"未特指的小腿浅表损伤
",S80-S89,膝和小腿损伤
S81,"小腿开放性损伤
排除：足和踝部的开放性损伤（S91.-）小腿的创伤性切断（S88.-）
",S80-S89,膝和小腿损伤
S81.0,"膝部开放性损伤
",S80-S89,膝和小腿损伤
S81.7,"小腿多处开放性损伤
",S80-S89,膝和小腿损伤
S81.8,"小腿其它部位的开放性损伤
",S80-S89,膝和小腿损伤
,,,
,,,
S81.9,"小腿未特指部位的开放性损伤
",S80-S89,膝和小腿损伤
S60,"手和腕部浅表损伤
",S60-S69,手和腕部损伤
T15,"外眼异物
排除：在下列贯通伤中的异物:.眼眶和眼球（S05.4-S05.5）   .残留（陈旧性）（H05.5,H44.6-H44.7）眼睑的异物残留（H02.8）
",T15-T19,通过自然孔口进入的异物的影响
T15.0,"角膜异物
",T15-T19,通过自然孔口进入的异物的影响
T15.1,"结膜囊异物
",T15-T19,通过自然孔口进入的异物的影响
,,,
,,,
X60,"由于故意使用或暴露于非阿片类止痛剂、退热剂和抗风湿类药所引起的自我毒害
包括：4-氨基苯酚衍生物非类固醇类抗炎药物 [NSAID] 吡唑啉酮衍生物水杨酸盐
",X60-X84,故意的自我伤害
X61,"由于故意使用或暴露于抗癫痫药、镇静催眠药、抗帕金森病药和精神药物所引起的自我毒害 NEC
包括：抗抑郁药巴比妥酸盐乙内酰脲衍生物亚胺二苯乙烯类神经安定药安眠酮化合物精神兴奋药琥珀酰亚胺和唑啉二酮类镇定剂
",X60-X84,故意的自我伤害
X62,"由于故意使用或暴露于麻醉剂和致幻药[迷幻剂]所引起的自我毒害 NEC
包括：大麻（衍生物）可卡因可待因海洛因麦角二乙胺 [LSD迷幻剂] 酶斯卡灵 [致幻剂] 美沙酮吗啡鸦片（生物碱）
",X60-X84,故意的自我伤害
X63,"由于故意使用或暴露于作用于自主神经系统的其它药物所引起的自我毒害
包括：副交感神经阻滞药 [抗胆碱能药和抗蕈毒碱药] 和解痉药拟副交感神经药 [胆碱能药] 交感神经阻滞药 [抗肾上腺素药] 拟交感神经药 [肾上腺素能药]
",X60-X84,故意的自我伤害
X64,"由于故意使用或暴露于其它和未特指的药物、药剂和生物物质所引起的自我毒害
包括：主要作用于平滑肌、骨骼肌和呼吸系统的药剂麻醉药（全面的）（局部的）药物影响：.心血管系统.胃肠系统激素和合成替代物全身性和血液性制剂全身性抗生素和其它抗感染药物治疗性气体局部用制剂疫苗水平衡药剂和影响矿物质和尿酸代谢类药物
",X60-X84,故意的自我伤害
X65,"由于故意使用或暴露于酒精所引起的自我毒害
包括：酒精：.NOS.丁基 [1-丁醇] .乙基 [乙醇] .异丙基 [异丙醇] .甲基 [甲醇] .丙基 [1-丙醇] 杂醇油
",X60-X84,故意的自我伤害
X66,"由于故意使用或暴露于有机溶剂、卤代烃及其蒸汽所引起的自我毒害
包括：苯和其同系物四氯化碳氯氟烃石油（衍生物）
",X60-X84,故意的自我伤害
X67,"由于故意使用或暴露于其它的气体和蒸汽所引起的自我毒害
包括：一氧化碳催泪气体 [催泪瓦斯] 发动机（车辆）废气氮氧化物二氧化硫家用煤气
排除：金属烟和蒸汽（X69）
",X60-X84,故意的自我伤害
X68,"由于故意使用或暴露于杀虫剂所引起的自我毒害
包括：薰剂杀真菌剂除草剂杀虫剂灭鼠剂木材防腐剂
排除：植物养料和肥料（X69）
",X60-X84,故意的自我伤害
X69,"由于故意使用或暴露于其它和未特指的化学物和有害物质所引起的自我毒害
包括：腐蚀性芳香族,酸和苛性碱胶和粘合剂金属包括烟和蒸汽油漆和染料植物养料和肥料中毒 NOS有毒食品和有毒植物肥皂和清洁剂
",X60-X84,故意的自我伤害
S40,"肩和上臂浅表性损伤
",S40-S49,肩部和上臂损伤
S40.0,"肩和上臂挫伤
",S40-S49,肩部和上臂损伤
S40.7,"肩和上臂多处浅表性损伤
",S40-S49,肩部和上臂损伤
S40.8,"肩和上臂其它的浅表性损伤
",S40-S49,肩部和上臂损伤
S40.9,"肩和上臂未特指浅表性损伤
",S40-S49,肩部和上臂损伤
S41,"肩和上臂的开放性损伤
排除：肩和上臂的创伤性切断（S48.-）
",S40-S49,肩部和上臂损伤
S41.0,"肩部开放性创伤
",S40-S49,肩部和上臂损伤
S41.1,"上臂开放性创伤
",S40-S49,肩部和上臂损伤
S41.7,"肩和上臂的多处开放性创伤
",S40-S49,肩部和上臂损伤
S41.8,"肩胛带其它和未特指部位的开放性创伤
",S40-S49,肩部和上臂损伤
X70,"通过吊、勒和窒息造成的故意的自我伤害
",X60-X84,故意的自我伤害
X71,"通过溺水和淹没造成的故意的自我伤害
",X60-X84,故意的自我伤害
X72,"通过手枪发射造成的故意的自我伤害
",X60-X84,故意的自我伤害
X73,"通过来复步枪、猎枪和更大型的枪枝发射造成的故意的自我伤害
",X60-X84,故意的自我伤害
X74,"通过其它和未特指的枪炮发射造成的故意的自我伤害
",X60-X84,故意的自我伤害
X75,"通过爆破材料造成的故意的自我伤害
",X60-X84,故意的自我伤害
X76,"用烟、火和火焰造成的故意的自我伤害
",X60-X84,故意的自我伤害
X77,"用蒸汽、热水蒸气和热的物体造成的故意的自我伤害
",X60-X84,故意的自我伤害
X78,"用锋利的物体造成的故意的自我伤害
",X60-X84,故意的自我伤害
X79,"用钝的物体造成的故意的自我伤害
",X60-X84,故意的自我伤害
X80,"从高处跳落造成的故意的自我伤害
",X60-X84,故意的自我伤害
X81,"跳向或躺在移动的物体之前造成的故意的自我伤害
",X60-X84,故意的自我伤害
X82,"通过撞击机动车造成的故意的自我伤害
包括：故意的碰撞与：.机动车.火车.电车，矿车（市内有轨电车）
排除：与飞行器的撞击（X83）
",X60-X84,故意的自我伤害
X83,"用其它特指的方法造成的故意的自我伤害
包括：故意的自我伤害用：.腐蚀性物质，中毒除外.与飞行器的撞击.触电
",X60-X84,故意的自我伤害
,,,
S30,"腹部、背下部和盆部的浅表损伤
排除：臀部浅表性损伤（S70.-）
",S30-S39,腹部，腰脊柱，背下部，盆骨损伤
,,,
S10,"颈浅表损伤
",S10-S19,颈部损伤
,,,
S90,"足和踝部浅表损伤
",S90-S99,踝和足损伤
S90.0,"踝关节挫伤
",S90-S99,踝和足损伤
,,,
S00,"头部浅表损伤
排除：脑挫伤（弥散性）（S06.2）.局限性（S06.3）眼和眼眶损伤（S05.-）
",S00-S09,头部损伤
S00.0,"头皮表浅损伤
",S00-S09,头部损伤
,,,
R90,"在中枢神经系统成像诊断中的异常发现
",R90-R94,没有诊断的在诊断成像和功能研究中的异常发现
R90.0,"颅内占位病变
",R90-R94,没有诊断的在诊断成像和功能研究中的异常发现
,,,
,,,
,,,
R70,"红血球沉降率升高和血浆粘性异常
",R70-R79,没有诊断的在验血中的异常发现
R70.0,"红血球沉降率升高
",R70-R79,没有诊断的在验血中的异常发现
R70.1,"血浆粘性异常
",R70-R79,没有诊断的在验血中的异常发现
,,,
R50,"其它和不明原因的发热
排除：未知起源的发热（在下列期间）:.分娩期（O75.2）.新生儿期（P81.9）.产褥期发热 NOS（O86.4）
",R50-R69,一般的症状和体征
,,,
T90,"头部损伤的后遗症
",T90-T98,损伤，中毒和其它外因后果的后遗症
,,,
,,,
R47,"语言障碍 NEC
排除：孤独症（F84.0-F84.1）语言混乱症（F98.6）说话和语言的特定发育障碍（F80.-）口吃 [结巴] （F98.5）
",R47-R49,涉及语言和声音的症状和体征
R95,"婴儿瘁死综合症
",R95-R99,界定不清和原因不明的死亡
R96,"原因未明的其它暴死
排除：突然性:.心脏猝死，如（I46.1）所述.婴儿瘁死综合症（R95）
",R95-R99,界定不清和原因不明的死亡
R96.0,"猝死
",R95-R99,界定不清和原因不明的死亡
,,,
R30,"与尿频相关联的疼痛
排除：心因性疼痛（F45.3）
",R30-R39,涉及泌尿系统的症状和体征
,,,
S50,"前臂浅表损伤
排除：腕和手部浅表损伤（S60.-）
",S50-S59,肘和前臂损伤
S50.0,"肘部挫伤
",S50-S59,肘和前臂损伤
S50.1,"前臂其它和未特指部位的挫伤
",S50-S59,肘和前臂损伤
S50.7,"前臂多处浅表性损伤
",S50-S59,肘和前臂损伤
S50.8,"前臂其它浅表损伤
",S50-S59,肘和前臂损伤
,,,
,,,
R25,"异常的不自主运动
排除：特殊运动障碍（G20-G26）刻板性运动障碍（F98.4）抽搐障碍（F95.-）
",R25-R29,涉及神经和骨胳肌肉系统的症状和体征
R25.0,"异常的头部运动
",R25-R29,涉及神经和骨胳肌肉系统的症状和体征
U04,"严重急性呼吸道综合症[SARS]
",U00-U49,不确定病因的新疾病的临时编排
,,,
,,,
R10,"腹部和盆腔痛
排除：背痛（M54.-）胃肠气胀和相关的疾患（R14）肾绞痛（N23）
",R10-R19,涉及消化系统和腹部的症状和体征
Q90,"唐氏（Down's）综合症
",Q90-Q99,染色体异常 NEC
Q90.0,"第21对染色体三体变异，减数分裂不分离
",Q90-Q99,染色体异常 NEC
Q90.1,"第21对染色体三体变异，染色体嵌合型（有丝分裂不分离)
",Q90-Q99,染色体异常 NEC
Q90.2,"第21对染色体三体变异，易位型（染色体）
",Q90-Q99,染色体异常 NEC
,,,
,,,
,,,
Q60,"肾发育不全和其它的肾缺损
包括：肾萎缩:.先天性.婴儿先天性肾缺失
",Q60-Q64,泌尿系统先天性畸形
Q60.0,"单侧肾发育不全[肾缺如]
",Q60-Q64,泌尿系统先天性畸形
Q60.1,"双侧肾发育不全[肾缺如]
",Q60-Q64,泌尿系统先天性畸形
Q60.2,"未明确的肾缺如
",Q60-Q64,泌尿系统先天性畸形
Q60.3,"单侧肾发育不良
",Q60-Q64,泌尿系统先天性畸形
Q60.4,"双侧肾发育不良
",Q60-Q64,泌尿系统先天性畸形
Q60.5,"未明确的肾发育不良
",Q60-Q64,泌尿系统先天性畸形
S20,"胸部浅表性损伤
",S20-S29,胸部损伤
S20.0,"乳房挫伤
",S20-S29,胸部损伤
S20.1,"其它和未特指的乳房浅表性损伤
",S20-S29,胸部损伤
S20.2,"胸部挫伤
",S20-S29,胸部损伤
S20.3,"其它浅表性胸前壁损伤
",S20-S29,胸部损伤
S20.4,"胸后壁的其它浅表损伤
",S20-S29,胸部损伤
S20.7,"胸部多处浅表损伤
",S20-S29,胸部损伤
Q50,"卵巢、输卵管和阔韧带的先天性畸形
",Q50-Q56,生殖器官先天性畸形
,,,
,,,
,,,
,,,
S70,"髋部和大腿浅表损伤
",S70-S79,臀和大腿损伤
S70.0,"臀部挫伤
",S70-S79,臀和大腿损伤
S70.1,"大腿挫伤
",S70-S79,臀和大腿损伤
S70.7,"臀和大腿的多处浅表损伤
",S70-S79,臀和大腿损伤
S70.8,"臀和大腿的其它浅表损伤
",S70-S79,臀和大腿损伤
S70.9,"未特指的臀和大腿的浅表损伤
",S70-S79,臀和大腿损伤
S71,"髋部和大腿开放性损伤
排除：髋部和大腿的创伤性切断（S78.-）
",S70-S79,臀和大腿损伤
S71.0,"臀部开放性损伤
",S70-S79,臀和大腿损伤
S71.1,"大腿开放性损伤
",S70-S79,臀和大腿损伤
S71.7,"臀和大腿多处开放性损伤
",S70-S79,臀和大腿损伤
S71.8,"盆骨带其它和未特指部分的开放性损伤
",S70-S79,臀和大腿损伤
Q35,"颚裂
包括：上腭裂腭裂
排除：伴有唇裂的颚裂（Q37.-）
",Q35-Q37,唇裂和颚裂
Q35.1,"硬颚裂
",Q35-Q37,唇裂和颚裂
Q35.3,"软颚裂
",Q35-Q37,唇裂和颚裂
Q35.5,"伴有软颚裂的硬颚裂
",Q35-Q37,唇裂和颚裂
Q35.7,"悬雍垂裂
",Q35-Q37,唇裂和颚裂
Q35.9,"未明确的颚裂
",Q35-Q37,唇裂和颚裂
Q36,"唇裂（Cleft lip ）
包括：唇裂（cheiloschisis）唇的先天性裂缝（congenital fissure of lip ）兔唇（harelip）唇裂（labium leporinum ）
排除：伴有颚裂的唇裂（Q37.-）
",Q35-Q37,唇裂和颚裂
Q36.0,"双侧唇裂
",Q35-Q37,唇裂和颚裂
Q36.1,"中间唇裂
",Q35-Q37,唇裂和颚裂
R40,"嗜睡，木僵和昏迷
排除：昏迷：.糖尿病的（E10-E14 中伴有共同的第4码.0者）.肝（K72.-）.血糖降低性（非糖尿病性）（E15）.新生儿（P91.5）.尿毒症性（N19）
",R40-R46,涉及认识，知觉，情感状态和行为的症状和体征
R20,"皮肤感觉障碍
排除：分离性麻木和感觉缺失（F44.6）心因性障碍（F45.8）
",R20-R23,涉及皮肤和皮下组织的症状和体征
R20.0,"皮肤感觉缺失[麻木]
",R20-R23,涉及皮肤和皮下组织的症状和体征
R20.1,"皮肤感觉减退
",R20-R23,涉及皮肤和皮下组织的症状和体征
,,,
,,,
,,,
,,,
Q65,"髋部先天性畸形
排除：弹响臀（R29.4）
",Q65-Q79,肌肉骨胳系统先天性畸形和变形
Q65.0,"先天性单侧髋关节脱位
",Q65-Q79,肌肉骨胳系统先天性畸形和变形
Q65.1,"先天性双侧髋关节脱位
",Q65-Q79,肌肉骨胳系统先天性畸形和变形
Q65.2,"未明确的先天性髋关节脱位
",Q65-Q79,肌肉骨胳系统先天性畸形和变形
Q65.3,"先天性单侧髋关节半脱位
",Q65-Q79,肌肉骨胳系统先天性畸形和变形
Q65.4,"先天性双侧髋关节半脱位
",Q65-Q79,肌肉骨胳系统先天性畸形和变形
Q65.5,"未明确的先天性髋关节半脱位
",Q65-Q79,肌肉骨胳系统先天性畸形和变形
R00,"心搏异常
排除：起源于围生期的异常（P29.1）特定的心律失常（I47-I49）
",R00-R09,涉及循环和呼吸系统的症状和体征
Q20,"心室和连接的先天性畸形
排除：右位心伴内脏反位（Q89.3）		伴有内脏逆位的镜像心房排列（Q89.3）
",Q20-Q28,循环系统先天性畸形
Q38,"舌、嘴和咽的其它先天性畸形
排除：巨口（Q18.4）小口（Q18.5）
",Q38-Q45,其它的消化系统先天性畸形
,,,
,,,
P80,"新生儿低体温
",P80-P83,涉及胎儿、新生儿体被和体温调节的疾病
P70,"特发于胎儿和新生儿的短暂的碳水化合物代谢障碍
",P70-P74,特发于胎儿和新生儿的短暂的内分泌和代谢性疾病
P70.0,"母亲伴有妊娠性糖尿病的婴儿综合症
",P70-P74,特发于胎儿和新生儿的短暂的内分泌和代谢性疾病
,,,
Q00,"无脑和类似的畸形
",Q00-Q07,神经系统先天性畸形
,,,
,,,
,,,
,,,
Q30,"鼻部先天性畸形
排除：先天性鼻中隔偏斜（Q67.4）
",Q30-Q34,呼吸系统先天性畸形
P50,"胎儿失血
排除：源自胎儿失血的先天性贫血（P61.3）
",P50-P61,胎儿和新生儿出血和血液疾病
P50.0,"来自前置血管的胎儿失血
",P50-P61,胎儿和新生儿出血和血液疾病
P50.1,"来自脐带破裂的胎儿失血
",P50-P61,胎儿和新生儿出血和血液疾病
P50.2,"来自胎盘的胎儿失血
",P50-P61,胎儿和新生儿出血和血液疾病
P50.3,"胎儿出血到双胎的另一胎儿
",P50-P61,胎儿和新生儿出血和血液疾病
P50.4,"胎儿出血到母体循环中
",P50-P61,胎儿和新生儿出血和血液疾病
P50.5,"胎儿失血来自双胞胎脐带断端
",P50-P61,胎儿和新生儿出血和血液疾病
P50.8,"其它的胎儿失血
",P50-P61,胎儿和新生儿出血和血液疾病
P75*,"胎粪性肠梗阻（E84.1+)
",P75-P78,胎儿和新生儿消化系统疾病
P76,"其它新生儿肠梗阻
",P75-P78,胎儿和新生儿消化系统疾病
P76.0,"胎粪充塞综合症
",P75-P78,胎儿和新生儿消化系统疾病
,,,
,,,
,,,
P00,"胎儿或新生儿受到可能与当前妊娠不相关的母体疾病的影响
排除：胎儿和新生儿受到下列之影响:.妊娠期母体并发症（P01.-）.母体内分泌和新陈代谢疾患（P70-P74）.经由胎盘和母乳传播的有害的影响（P04.-）
",P00-P04,胎儿和新生儿受母体因素和妊娠、分娩及生产并发症的影响
P35,"先天性病毒性疾病
",P35-P39,特发于围生期的感染
,,,
,,,
,,,
Q10,"眼睑、泪器和眼眶的先天性畸形
排除：隐眼:.NOS（Q11.2）.综合症（Q87.0）
",Q10-Q18,面、耳、眼、颈部先天性畸形
Q10.0,"先天性上睑下垂
",Q10-Q18,面、耳、眼、颈部先天性畸形
Q10.1,"先天性睑外翻
",Q10-Q18,面、耳、眼、颈部先天性畸形
Q10.2,"先天性睑内翻
",Q10-Q18,面、耳、眼、颈部先天性畸形
O30,"多胎妊娠
排除：特发于多胎妊娠的并发症（O31.-）
",O30-O48,主要与胎儿、羊膜腔和可能的分娩问题相关的母体护理
O30.0,"双胎妊娠
",O30-O48,主要与胎儿、羊膜腔和可能的分娩问题相关的母体护理
O30.1,"三胎妊娠
",O30-O48,主要与胎儿、羊膜腔和可能的分娩问题相关的母体护理
O30.2,"四胎妊娠
",O30-O48,主要与胎儿、羊膜腔和可能的分娩问题相关的母体护理
O30.8,"其它的多胎妊娠
",O30-O48,主要与胎儿、羊膜腔和可能的分娩问题相关的母体护理
,,,
,,,
P10,"由于产伤所致的颅裂和出血
排除：胎儿或新生儿颅内出血：.NOS（P52.9）.由于缺氧或低氧（P52.-）
",P10-P15,产伤
O10,"并发于妊娠、分娩和产后期的事先已存在的高血压
包括：伴有事先已存在的蛋白尿的下列疾患
排除：伴有增加或双重叠加的蛋白尿（O11）
",O10-O16,在妊娠、分娩和产褥期发生的浮肿、蛋白尿和高血压异常
,,,
N99,"泌尿生殖系统处置后疾病 NEC
排除：辐射性膀胱炎（N30.4）卵巢切除后之骨质疏松（M81.1）  .伴有病理骨折的（M80.1）关联到人工绝经的情形（N95.3）
",N99,泌尿生殖道的其它疾病
N99.0,"处置后肾衰竭
",N99,泌尿生殖道的其它疾病
,,,
N80,"子宫内膜异位
",N80-N98,女性生殖道非炎性疾病
,,,
,,,
,,,
,,,
N60,"良性乳房发育不良
包括：纤维囊性乳房病
",N60-N64,乳房疾病
N25,"由肾小管功能损害引起的疾病
排除：可分类到E70-E90中的新陈代谢疾患
",N25-N29,其它肾和输尿管疾病
,,,
,,,
,,,
,,,
O20,"妊娠早期出血
排除：伴有流产结果的怀孕（O00-O08）
",O20-O29,主要与妊娠相关的其它母体异常
P90,"新生儿抽搐
排除：良性新生儿惊厥（家族性）（G40.3）
",P90-P96,起源于围生期的其它疾病
P91,"新生儿脑状态的其它紊乱
",P90-P96,起源于围生期的其它疾病
P91.0,"新生儿脑缺血
",P90-P96,起源于围生期的其它疾病
P91.1,"新生儿获得性脑室周囊肿
",P90-P96,起源于围生期的其它疾病
P91.2,"新生儿脑白质软化
",P90-P96,起源于围生期的其它疾病
P91.3,"新生儿大脑亢奋（irritability）
",P90-P96,起源于围生期的其它疾病
P05,"胎儿生长缓慢和胎儿营养不良
",P05-P08,与妊娠周期和胎儿生长相关的疾病
,,,
P91.4,"新生儿大脑抑制
",P90-P96,起源于围生期的其它疾病
P91.5,"新生儿昏迷
",P90-P96,起源于围生期的其它疾病
P91.6,"新生儿缺氧缺血性脑病
",P90-P96,起源于围生期的其它疾病
P91.8,"其它特指的新生儿脑状态紊乱
",P90-P96,起源于围生期的其它疾病
P91.9,"未明确的新生儿脑状态紊乱
",P90-P96,起源于围生期的其它疾病
P92,"新生儿喂食问题
",P90-P96,起源于围生期的其它疾病
P92.0,"新生儿呕吐
",P90-P96,起源于围生期的其它疾病
P92.1,"新生儿反胃和反刍
",P90-P96,起源于围生期的其它疾病
P92.2,"新生儿进食缓慢
",P90-P96,起源于围生期的其它疾病
P92.3,"新生儿喂养不良
",P90-P96,起源于围生期的其它疾病
P92.4,"新生儿进食过量
",P90-P96,起源于围生期的其它疾病
P92.5,"新生儿哺乳困难
",P90-P96,起源于围生期的其它疾病
P92.8,"其它新生儿进食问题
",P90-P96,起源于围生期的其它疾病
,,,
P92.9,"未明确的新生儿进食问题
",P90-P96,起源于围生期的其它疾病
N20,"肾和输尿管结石
排除：伴有肾盂积水（N13.2）
",N20-N23,尿石症
,,,
,,,
,,,
,,,
,,,
O80,"单胎顺产
包括：伴有最低限度或没有援助的分娩，有或没有会阴切开术在完全正常的情形下的分娩
",O80-O84,分娩
O80.0,"头位顺产
",O80-O84,分娩
O80.1,"臀位顺产
",O80-O84,分娩
O80.8,"其它的单胎顺产
",O80-O84,分娩
M95,"肌肉骨骼系统和结缔组织其它获得性畸形
排除：获得性:.肢体和器官缺损（Z89-Z90）.肢体畸形（M20-M21）肌肉与骨骼系统先天性畸形和变形（Q65-Q79）变形性背部病变（M40-M43）颌面异常 [包括（牙）错咬合] （K07.-）处置后的肌肉与骨骼异常（M96.-）
",M95-M99,其它骨胳肌肉系统和结缔组织疾病
,,,
,,,
M30,"结节性多动脉炎和相关疾病
",M30-M36,全身性结缔组织疾病
M30.0,"结节性多动脉炎
",M30-M36,全身性结缔组织疾病
,,,
P20,"宫内缺氧
包括：胎儿心率反常胎儿或子宫内：.酸中毒.缺氧.窒息.窘迫.组织缺氧羊水粪染胎便
排除：由于缺氧或供氧不足造成的颅内出血（P52.-）
",P20-P29,特发于围生期的呼吸道和心血管疾病
P20.0,"生产发作前首次被记录的子宫内低氧
",P20-P29,特发于围生期的呼吸道和心血管疾病
P20.1,"在生产和分娩期间首次被记录的子宫内低氧
",P20-P29,特发于围生期的呼吸道和心血管疾病
P20.9,"未明确的子宫内缺氧
",P20-P29,特发于围生期的呼吸道和心血管疾病
P21,"产时窒息
注意：这个类别不用于没有提及窒息或其它呼吸道问题的低阿普伽（Apgar）胎儿评分者
排除：子宫内缺氧或窒息（P20.-）
",P20-P29,特发于围生期的呼吸道和心血管疾病
,,,
L55,"晒斑
",L55-L59,与辐射有关的皮肤和皮下组织疾病
L55.0,"一度晒斑
",L55-L59,与辐射有关的皮肤和皮下组织疾病
L55.1,"二度晒斑
",L55-L59,与辐射有关的皮肤和皮下组织疾病
L55.2,"三度晒斑
",L55-L59,与辐射有关的皮肤和皮下组织疾病
L55.8,"其它晒斑
",L55-L59,与辐射有关的皮肤和皮下组织疾病
L55.9,"未明确的晒斑
",L55-L59,与辐射有关的皮肤和皮下组织疾病
L56,"其它由紫外线照射所致的急性皮肤改变
",L55-L59,与辐射有关的皮肤和皮下组织疾病
,,,
L40,"牛皮癣
",L40-L45,银屑病
,,,
,,,
L20,"特应性皮炎
排除：局限性神经性皮炎（L28.0）
",L20-L30,皮炎和湿疹
L20.0,"倍式尼尔氏(Besnier's)痒疹
",L20-L30,皮炎和湿疹
,,,
L80,"白癫风
",L80-L99,其它皮肤和皮下组织疾病
L81,"其它色素沉着病
排除：胎记 NOS（Q82.5）痣-见字母顺序表索引黑斑息肉（Peutz-Jeghers ）综合症（Q85.8）
",L80-L99,其它皮肤和皮下组织疾病
L81.0,"炎症后色素沉着过度
",L80-L99,其它皮肤和皮下组织疾病
L81.1,"黄褐斑
",L80-L99,其它皮肤和皮下组织疾病
L81.2,"雀斑
",L80-L99,其它皮肤和皮下组织疾病
L81.3,"咖啡牛奶色斑（Café au lait ）
",L80-L99,其它皮肤和皮下组织疾病
,,,
,,,
K90,"肠道吸收不良
排除：伴随着胃肠手术的（K91.2）
",K90-K93,其它消化系统疾病
K80,"胆石病
",K80-K87,胆囊、胆道和胰腺疾病
,,,
,,,
,,,
N17,"急性肾衰竭
包括：急性肾损伤
",N17-N19,肾衰竭
L60,"指甲疾病
排除：杵状指（R68.3）甲床炎和甲沟炎（L03.0）
",L60-L75,皮肤附器疾病
L60.0,"内生甲
",L60-L75,皮肤附器疾病
L60.1,"甲松离
",L60-L75,皮肤附器疾病
L60.2,"甲弯曲
",L60-L75,皮肤附器疾病
L60.3,"甲营养不良
",L60-L75,皮肤附器疾病
L60.4,"博氏（Beau's ）线
",L60-L75,皮肤附器疾病
L60.5,"黄甲综合症
",L60-L75,皮肤附器疾病
L60.8,"其它指甲疾患
",L60-L75,皮肤附器疾病
L60.9,"未明确的指甲疾患
",L60-L75,皮肤附器疾病
L62*,"分类在它处疾病中的指甲疾病
",L60-L75,皮肤附器疾病
L62.0*,"杵状指甲厚皮性骨膜增生病(M89.4+)
",L60-L75,皮肤附器疾病
L62.8*,"分类在它处其它疾病中的指甲疾患
",L60-L75,皮肤附器疾病
L63,"局限性脱发
",L60-L75,皮肤附器疾病
L63.0,"全秃
",L60-L75,皮肤附器疾病
L63.1,"普秃（全身毛发全脱）
",L60-L75,皮肤附器疾病
L63.2,"匐行性脱发[儿童之枕头际脱发]
",L60-L75,皮肤附器疾病
L63.8,"其它斑秃
",L60-L75,皮肤附器疾病
K70,"酒精性肝病
",K70-K77,肝脏疾病
K70.0,"酒精性脂肪肝
",K70-K77,肝脏疾病
K70.1,"酒精性肝炎
",K70-K77,肝脏疾病
K70.2,"酒精性肝纤维化和硬化
",K70-K77,肝脏疾病
,,,
,,,
,,,
L63.9,"未明确的斑秃
",L60-L75,皮肤附器疾病
L64,"雄激素性脱发
包括：男性型秃发
",L60-L75,皮肤附器疾病
K55,"肠血管疾病
排除：胎儿或新生儿坏死性小肠结肠炎（P77）
",K55-K63,其它肠道疾病
,,,
,,,
K35,"急性阑尾炎
",K35-K38,阑尾疾病
K40,"腹股沟疝
包括：腹股沟突出腹股沟疝气:.NOS.直疝.双腹股沟疝.斜疝（indirect）.斜疝（oblique）阴囊疝
",K40-K46,疝气
K40.0,"伴有梗阻的双侧腹股沟疝气，没有坏疽
",K40-K46,疝气
K40.1,"伴有坏疽的双侧腹股沟疝气
",K40-K46,疝气
,,,
L50,"荨麻疹
排除：接触过敏性皮炎（L23.-）血管神经性水肿（T78.3）遗传性血管性水肿（E84.1）昆克（Quincke's）水肿（T78.3）荨麻疹：.巨大的（T78.3）.新生儿（P83.8）.丘疹性（L28.2）.着色性（Q82.2）.血清性（T80.6）.日光性（L56.3）
",L50-L54,风疹和红斑
L50.0,"过敏性荨麻疹
",L50-L54,风疹和红斑
L50.1,"特发性荨麻疹
",L50-L54,风疹和红斑
L50.2,"由于冷热造成的荨麻疹
",L50-L54,风疹和红斑
L50.3,"皮肤划纹症性荨麻疹
",L50-L54,风疹和红斑
L50.4,"振动荨麻疹
",L50-L54,风疹和红斑
L50.5,"胆碱能性荨麻疹
",L50-L54,风疹和红斑
L50.6,"接触性荨麻疹
",L50-L54,风疹和红斑
,,,
,,,
J95,"处置后呼吸道疾病 NEC
排除：由处置措施引起的肺气肿（皮下的）（T81.8）由辐射导致的肺部病征（J70.0-J70.1）
",J95-J99,其它呼吸系统疾病
,,,
,,,
,,,
K50,"克罗恩病[局限性肠炎]
包括：肉芽肿肠炎
排除：溃疡性结肠炎（K51.-）
",K50-K52,非感染性肠炎和结肠炎
J85,"肺和胸腔纵隔脓肿
",J85-J86,下呼吸道化脓性和坏死性疾病
J85.0,"肺坏疽及坏死
",J85-J86,下呼吸道化脓性和坏死性疾病
K65,"腹膜炎
排除：腹膜炎:.无菌的（T81.6）.良性突发（E85.0）.化学品（T81.6）.由于滑石粉或其它异物（T81.6）.新生儿（P78.0-P78.1）.盆骨,女性（N73.3-N73.5）.家族周期性（E85.0）.产后的（O85）.伴有或跟随:   .流产或异位或葡萄胎（O00-O07,O08.0）   .阑尾炎（K35.-）   .肠道憩室病（K57.-）
",K65-K67,腹膜疾病
,,,
L10,"天疱疮
排除：新生儿天疱疮（L00）
",L10-L14,大疱性皮肤病
L10.0,"寻常性天疱疮
",L10-L14,大疱性皮肤病
L10.1,"增殖性天疱疮
",L10-L14,大疱性皮肤病
L10.2,"落叶状天疱疮
",L10-L14,大疱性皮肤病
L10.3,"巴西天疱疮[野火症]
",L10-L14,大疱性皮肤病
,,,
,,,
,,,
J00,"急性鼻咽炎[感冒]
包括：鼻炎,伤风（急性）急性鼻粘膜炎鼻咽炎:.NOS.传染性的 NOS鼻炎:.急性.传染性
排除：鼻咽炎,慢性（J31.1）咽炎:.NOS（J02.9）.急性（J02.-）	.慢性（J31.2）	鼻炎:	.NOS （J31.0）	.过敏的（J30.1-J30.4）	.慢性的（J31.0）	.血管收缩的（J30.0）	喉咙痛:	.NOS（J02.9）	.急性（J02.-）	.慢性（J31.2）
",J00-J06,急性上呼吸道感染
J01,"急性鼻窦炎
包括：脓肿		}积脓		}感染		}   急性,窦（副）（鼻的）发炎		}化脓		}如果必要,使用辅助码（B95-B97）,去界定传染介质。
排除：鼻窦炎，慢性或 NOS（J32.-）
",J00-J06,急性上呼吸道感染
,,,
I80,"静脉炎和血栓性静脉炎
包括：静脉内膜炎炎症，静脉静脉周围炎化脓性静脉炎如果是药物导致的，必要时可使用辅助的外因编码（第20章），去界定药物。
排除：静脉炎和血栓静脉炎（在）：.并发于：  .流产或胎位不正或葡萄胎（O00-O07，O08.7）  .怀孕，分娩和产后期（O22.-,O87.-）.颅内和脊柱内，脓毒性或NOS（G08）.颅内的，非化脓性（I67.6）.脊柱内的，非化脓性（G95.1）.门（静脉）（K75.1）静脉炎后综合症（I87.0）移动性血栓性静脉炎（I82.1）
",I80-I89,静脉、淋巴管、淋巴结疾病 NEC
I80.0,"下肢浅表血管静脉炎和血栓性静脉炎
",I80-I89,静脉、淋巴管、淋巴结疾病 NEC
I80.1,"股静脉的静脉炎和血栓性静脉炎
",I80-I89,静脉、淋巴管、淋巴结疾病 NEC
,,,
I70,"动脉硬化
包括：小动脉硬化动脉硬化动脉硬化性血管病动脉粥样硬化变性：.动脉的.动脉血管的.血管的变形性动脉内膜炎或闭塞老年性：.动脉炎.动脉内膜炎
排除：脑的（I67.2）冠状动脉的（I25.1）肠系膜的（K55.1）肺部的（I27.0）
",I70-I79,动脉、小动脉和毛细血管疾病
I70.0,"主动脉粥样硬化
",I70-I79,动脉、小动脉和毛细血管疾病
,,,
K00,"牙齿发育及出牙障碍
排除：包埋牙和阻生牙（K01.-）
",K00-K14,口腔、唾液腺和上下颌疾病
,,,
,,,
I30,"急性心包炎
包括：急性心包渗出
排除：风湿性心包炎（急性）（I01.0）
",I30-I52,其它形式的心脏病
I30.0,"急性非特异性突发性心包炎
",I30-I52,其它形式的心脏病
,,,
I20,"心绞痛
",I20-I25,缺血性心脏病
,,,
,,,
J20,"急性支气管炎
包括：支气管炎:.NOS,15岁年龄以下者.急性和亚急性（伴有）:  .支气管痉挛  .纤维蛋白性性  .膜性的  .化脓性的  .脓毒性的  .气管炎急性气管支气管炎
排除：支气管炎:.NOS,年龄15岁和以上者中（J40）.过敏性 NOS （J45.0）.慢性:   .NOS（J42）   .粘脓性的（J41.1）   .阻塞性（J44.-）   .单纯性（J41.0）气管支气管的:.NOS （J40）.慢性的（J42）.慢性阻塞性的（J44.-）
",J20-J22,其它急性下呼吸道感染
J20.0,"由于肺炎支原体感染的急性支气管炎
",J20-J22,其它急性下呼吸道感染
J20.1,"由于流感嗜血杆菌感染的急性支气管炎
",J20-J22,其它急性下呼吸道感染
J20.2,"由于链球菌感染的急性支气管炎
",J20-J22,其它急性下呼吸道感染
J20.3,"由于柯萨奇病毒感染的急性支气管炎
",J20-J22,其它急性下呼吸道感染
J20.4,"由于副流感病毒感染的急性支气管炎
",J20-J22,其它急性下呼吸道感染
J20.5,"由于呼吸道合胞病毒感染的急性支气管炎
",J20-J22,其它急性下呼吸道感染
J20.6,"由于鼻病毒感染的急性支气管炎
",J20-J22,其它急性下呼吸道感染
J20.7,"由于艾柯病毒感染的急性支气管炎
",J20-J22,其它急性下呼吸道感染
J20.8,"由于其它生物体感染的急性支气管炎
",J20-J22,其它急性下呼吸道感染
J20.9,"未明确的急性支气管炎
",J20-J22,其它急性下呼吸道感染
J21,"急性细支气管炎
包括：伴有支气管痉挛
",J20-J22,其它急性下呼吸道感染
J21.0,"由于呼吸道合胞病毒感染的急性细支气管炎
",J20-J22,其它急性下呼吸道感染
J21.8,"由于其它生物体感染的急性细支气管炎
",J20-J22,其它急性下呼吸道感染
,,,
I60,"蛛网膜下腔出血
包括：脑动脉瘤破裂
排除：蛛网膜下出血后遗症（I69.0）
",I60-I69,脑血管疾病
I60.0,"颈内动脉虹吸段及分颈动脉分叉处蛛网膜下出血
",I60-I69,脑血管疾病
I60.1,"脑动脉中部蛛网膜下出血
",I60-I69,脑血管疾病
I60.2,"前交通动脉蛛网膜下出血
",I60-I69,脑血管疾病
I60.3,"后交通动脉蛛网膜下出血
",I60-I69,脑血管疾病
I60.4,"基底动脉蛛网膜下出血
",I60-I69,脑血管疾病
I60.5,"脊椎动脉蛛网膜下出血
",I60-I69,脑血管疾病
,,,
,,,
I26,"肺栓塞
包括：肺部（动脉）（静脉）:.梗塞.血栓栓塞.血栓
排除：并发于：流产或胎位不正或葡萄胎（O00-O07，O08.2）怀孕，分娩和产后期（O88.-）
",I26-I28,肺心病和肺循环疾病
I05,"风湿性二尖瓣疾病
包括：可分类到I05.0和I05.2-I05.9中的疾患,无论是否指定为风湿性。
排除：当指定为非风湿性（I34.-）
",I05-I09,慢性风湿性心脏病
,,,
I95,"低血压
排除：心血管虚脱（R57.9）母体低血压综合症（O26.5）非特异性血压读数过低 NOS（R03.1）
",I95-I99,其它或未特指的循环系统疾病
I95.0,"突发性低血压
",I95-I99,其它或未特指的循环系统疾病
,,,
H80,"耳硬化症（Otosclerosis）
包括：耳硬化症（otospongiosis）
",H80-H83,内耳疾病
H80.0,"耳硬化症涉及卵圆窗、非闭塞性
",H80-H83,内耳疾病
H80.1,"耳硬化症涉及卵圆窗、闭塞性
",H80-H83,内耳疾病
,,,
H60,"外耳道炎
",H60-H62,外耳疾病
,,,
,,,
,,,
H49,"瘫痪性斜视
排除：眼肌麻痹：.内在型（H52.5）.核间型（H51.2）.进行性核上（G23.1）
",H49-H52,眼肌、双眼运动、眼睛调节和屈光异常
H49.0,"第三[眼球运动]神经瘫痪
",H49-H52,眼肌、双眼运动、眼睛调节和屈光异常
H49.1,"第四[滑车]神经瘫痪
",H49-H52,眼肌、双眼运动、眼睛调节和屈光异常
H49.2,"第六[外展]神经瘫痪
",H49-H52,眼肌、双眼运动、眼睛调节和屈光异常
H49.3,"全（外）眼肌麻痹
",H49-H52,眼肌、双眼运动、眼睛调节和屈光异常
H49.4,"进行性外眼肌麻痹
",H49-H52,眼肌、双眼运动、眼睛调节和屈光异常
,,,
,,,
H90,"传导和感觉神经性听力损失
包括：先天性耳聋
排除：聋哑 NEC （H91.3）耳聋 NOS （H91.9）听力损失:.NOS （H91.9）.噪声导致（H83.3）.耳毒性的（H91.0）		.突然（突发性的）（H91.2）
",H90-H95,其它耳病
H90.0,"传导性听力损失,双侧的
",H90-H95,其它耳病
H90.1,"传导性听力损失,单侧
",H90-H95,其它耳病
,,,
,,,
H53,"视觉障碍
",H53-H54,视觉障碍和失明
,,,
J30,"血管运动性和过敏性鼻炎
包括：痉挛性鼻炎
排除：伴有哮喘的过敏性鼻炎（J45.0）鼻炎 NOS （J31.0）
",J30-J39,其它上呼吸道疾病
J30.0,"血管收缩性鼻炎
",J30-J39,其它上呼吸道疾病
,,,
,,,
H10,"结膜炎
排除：角膜结膜炎（H16.2）
",H10-H13,眼结膜疾病
H10.0,"粘液脓性结膜炎
",H10-H13,眼结膜疾病
H10.1,"急性特应性结膜炎
",H10-H13,眼结膜疾病
H10.2,"其它急性结膜炎
",H10-H13,眼结膜疾病
,,,
H43,"玻璃体疾病
",H43-H45,玻璃体和眼球疾病
,,,
,,,
H40,"青光眼
排除：绝对期青光眼（H44.5）先天性青光眼（Q15.0）由于产伤导致的外伤性青光眼（P15.3）
",H40-H42,青光眼
H25,"老年白内障
排除：伴有晶状体假表皮脱落的囊性青光眼（H40.1）
",H25-H28,晶状体疾病
,,,
G70,"重症肌无力和其它肌肉神经疾病
排除：肉毒中毒（A05.1）短暂的新生儿重症肌无力（P94.0）
",G70-G73,肌神经接点和肌肉疾病
,,,
H00,"睑腺炎和睑板腺囊肿
",H00-H06,眼睑、泪腺系统和眼眶疾病
,,,
G50,"三叉神经疾病
包括：第五颅神经障碍
",G50-G59,神经、神经根和神经丛疾病
,,,
,,,
,,,
,,,
H30,"脉络膜视网膜炎症
",H30-H36,脉胳膜、视网膜疾病
H15,"巩膜疾病
",H15-H22,巩膜、角膜、虹膜和睫状体疾病
H15.0,"巩膜炎
",H15-H22,巩膜、角膜、虹膜和睫状体疾病
H15.1,"巩膜外层炎
",H15-H22,巩膜、角膜、虹膜和睫状体疾病
,,,
,,,
G80,"脑瘫
排除：遗传性痉挛性截瘫（G11.4）
",G80-G83,脑瘫和其它的瘫痪综合症
G80.0,"痉挛性四肢瘫痪性脑瘫
",G80-G83,脑瘫和其它的瘫痪综合症
,,,
,,,
,,,
,,,
G90,"自主神经系统疾病
排除：由于酒精造成的自主神经系统功能障碍（G31.2）
",G90-G99,其它神经系统疾病
,,,
,,,
,,,
,,,
,,,
,,,
G40,"癫痫
排除：兰道-克莱夫勒（Landau-Kleffner ）综合症（F80.3）发作（痉挛性） NOS （R56.8）癫痫持续状态（G41.-）托德氏（Todd's）麻痹（G83.8）
",G40-G47,短暂和突发性疾病
,,,
,,,
G00,"细菌性脑膜炎 NEC
包括：蛛网膜炎       }软脑脊膜炎     } 细菌性脑膜炎         }硬脑膜炎       }
排除：细菌性:.脑膜脑炎（G04.2）.脊膜脊髓炎（G04.2）
",G00-G09,中枢神经系统炎症性疾病
,,,
,,,
,,,
E70,"芳香族氨基酸代谢异常
",E70-E90,代谢性疾病
E70.0,"古典型苯丙酮尿症
",E70-E90,代谢性疾病
E70.1,"其它苯丙酮尿症
",E70-E90,代谢性疾病
,,,
,,,
E10,"胰岛素依赖型糖尿病
包括：糖尿病性：	.脆性糖尿病.青少年发作.易酮病型.I型糖尿病
排除：糖尿病性：	.与营养不良有关的（E12.-）.新生儿（P70.2）.怀孕，分娩和产后期（O24.-）糖尿性：		.NOS（R81）	.肾脏的（E74.8）	.糖耐量低减（R73.0）	.术后低胰岛素血症（E89.1）
",E10-E14,糖尿病
E11,"非胰岛素依赖型糖尿病
包括：糖尿病（非肥胖型）（肥胖型）：			.成人发作.成年糖尿病发作.非酮性的.稳定的.II型糖尿病.年轻人非胰岛素依赖型糖尿病
排除：糖尿病性：			.与营养不良有关的（E12.-）		.新生儿（P70.2）		.怀孕，分娩和产后期（O24.-）		糖尿性：		.NOS（R81）	.肾脏的（E74.8）	.糖耐量低减（R73.0）	.术后低胰岛素血症（E89.1）
",E10-E14,糖尿病
E12,"与营养不良相关的糖尿病
包括：与营养不良相关的糖尿病性：			.胰岛素依赖.非胰岛素依赖
排除：怀孕，分娩和产后期的糖尿病（O24.-）			糖尿性：		.NOS（R81）.肾脏的（E74.8）糖耐量低减（R73.0）新生儿糖尿病（P70.2）术后低胰岛素血症（E89.1）
",E10-E14,糖尿病
E13,"其它特指的糖尿病
排除：糖尿病性：		.胰岛素依赖型（E10.-）.与营养不良相关的（E12.-）.新生儿（P70.2）.非胰岛素依赖型（E11.-）.怀孕，分娩和产后期（O24.-）.糖尿性：	.NOS（R81）.肾脏的（E74.8）.糖耐量低减（R73.0）.术后低胰岛素血症（E89.1）
",E10-E14,糖尿病
,,,
E50,"维生素A缺乏
排除：维生素A缺乏后遗症（E64.1）
",E50-E64,其他的营养缺乏
E50.0,"伴有眼球结膜干燥的维生素A缺乏
",E50-E64,其他的营养缺乏
,,,
E00,"先天性碘缺乏综合症
包括：与环境性碘缺乏相关的地方病，不是直接碘缺乏就是母亲碘缺乏的后果，所述状态中有一些并没有即时的甲状腺机能减退，但却是胎儿发育期甲状腺激素分泌不充足的结果，可能与环境性甲状腺致肿物相关联。如果必要，使用辅助码（F70-F79），去界定相关的智力迟钝。
排除：亚临床碘缺乏性甲状腺机能减退（E02）
",E00-E07,甲状腺疾病
,,,
G30,"阿茨海默氏（Alzheimer's）病
包括：老年型和早衰型
排除：老年的：	.脑退化 NEC（G31.1）.痴呆 NOS（F03）衰老 NOS（R54）
",G30-G32,其它的神经系统变性疾病
,,,
,,,
E20,"甲状旁腺功能减退
排除：狄乔治氏（Di George's ）综合症（D82.1）	手术后甲状旁腺机能低下（E89.2）	手足抽搐 NOS（R29.0）	短暂的甲状旁腺功能减退（P71.4）
",E20-E35,其他内分泌腺疾病
E20.0,"突发性甲状旁腺功能减退
",E20-E35,其他内分泌腺疾病
E20.1,"假性甲状旁腺功能减退
",E20-E35,其他内分泌腺疾病
E20.8,"其它甲状旁腺功能减退
",E20-E35,其他内分泌腺疾病
,,,
D37,"口腔和消化器官特性未定或未知的肿瘤
",D37-D48,特性未定或未知肿瘤
,,,
,,,
,,,
,,,
,,,
,,,
D80,"伴有主要抗体缺陷的免疫缺陷
",D80-D89,某些涉及免疫机能的异常
,,,
F50,"进食障碍
排除：厌食症 NOS （R63.0）	进食性:	.困难和处理不当（R63.3）.幼年或童年障碍（F98.2）多食症（R63.2）
",F50-F59,伴有生理障碍和躯体因素的行为综合征
G60,"遗传性和特发性神经病变
",G60-G64,多发性神经病变和其他周围神经系统疾病
B90,"结核病后遗症
",B90-B94,传染病和寄生虫病的后遗症
B90.0,"中枢神经系统结核后遗症
",B90-B94,传染病和寄生虫病的后遗症
B90.1,"泌尿生殖器结核后遗症
",B90-B94,传染病和寄生虫病的后遗症
B90.2,"骨胳和关节结核后遗症
",B90-B94,传染病和寄生虫病的后遗症
B90.8,"其它器官结核后遗症
",B90-B94,传染病和寄生虫病的后遗症
B85,"虱子和虱病
",B85-B89,虱病，螨病和其他虫害
,,,
B50,"恶性疟原虫疟疾
包括：由镰状疟原虫和任何其它疟原虫组成的混合感染
",B50-B64,原虫病
,,,
,,,
,,,
D10,"咽和口部良性肿瘤
",D10-D36,良性肿瘤
B35,"脚气
包括：白癣表皮癣菌,小孢子菌,毛癣菌菌种感染除了在B36.-之外的任何癣类
",B35-B49,真菌病
,,,
,,,
B25,"巨细胞病毒性疾病
排除：先天性细胞巨化病毒感染（P35.1）巨细胞病毒性单核细胞增多症（B27.1）
",B25-B34,其他病毒性疾病
B25.0+,"巨细胞病毒性肺炎（J17.1*)
",B25-B34,其他病毒性疾病
B25.1+,"巨细胞病毒性肝炎（K77.0*)
",B25-B34,其他病毒性疾病
B25.2+,"巨细胞病毒性胰腺炎（K87.1*)
",B25-B34,其他病毒性疾病
B25.8,"其它巨细胞病毒病
",B25-B34,其他病毒性疾病
B25.9,"没有明确的巨细胞病毒病
",B25-B34,其他病毒性疾病
B26,"腮腺炎
包括：腮腺炎（parotitis）：	.流行性.传染性
",B25-B34,其他病毒性疾病
B26.0+,"腮腺炎性睾丸炎（N51.1*)
",B25-B34,其他病毒性疾病
B26.1+,"腮腺炎性脑膜炎（G02.0*)
",B25-B34,其他病毒性疾病
B26.2+,"腮腺炎性脑炎（G05.1*)
",B25-B34,其他病毒性疾病
B26.3+,"腮腺炎性胰腺炎（K87.1*)
",B25-B34,其他病毒性疾病
,,,
B65,"血吸虫病[裂体吸虫病]
包括：蜗牛热
",B65-B83,蠕虫病
B65.0,"由埃及血吸虫导致的血吸虫病[尿路血吸虫病]
",B65-B83,蠕虫病
B65.1,"由曼氏血吸虫导致的血吸虫病[肠道血吸虫病]
",B65-B83,蠕虫病
,,,
B95,"作为病因被分类到它处的的链球菌和葡萄球菌
",B95-B97,细菌、病毒和其他感染因子
B95.0,"作为在其它章节中分类的疾病的原因的A型链球菌
",B95-B97,细菌、病毒和其他感染因子
B95.1,"作为在其它章节中分类的疾病的原因的B型链球菌
",B95-B97,细菌、病毒和其他感染因子
B95.2,"作为在其它章节中分类的疾病的原因的D型链球菌
",B95-B97,细菌、病毒和其他感染因子
B95.3,"作为在其它章节中分类的疾病的原因的肺炎链球菌
",B95-B97,细菌、病毒和其他感染因子
B95.4,"作为在其它章节中分类的疾病的原因的其它链球菌
",B95-B97,细菌、病毒和其他感染因子
B95.5,"作为在其它章节中分类的疾病的原因的未明确链球菌
",B95-B97,细菌、病毒和其他感染因子
B95.6,"作为在其它章节中分类的疾病的原因的金黄葡萄球菌
",B95-B97,细菌、病毒和其他感染因子
B95.7,"作为在其它章节中分类的疾病的原因的其它葡萄球菌
",B95-B97,细菌、病毒和其他感染因子
B95.8,"作为在其它章节中分类的疾病的原因的未明确葡萄球菌
",B95-B97,细菌、病毒和其他感染因子
B96,"作为病因被分类到它处的其它细菌因子
",B95-B97,细菌、病毒和其他感染因子
,,,
C00,"唇部恶性肿瘤
排除：唇部皮肤（C43.0，C44.0）
",C00-C97,恶性肿瘤
,,,
D00,"口腔、食管和胃部原位癌
排除：原位黑素瘤（D03.-）
",D00-D09,原位肿瘤
